"id","account_id","version","accepted_at"
"0199c958-5129-48fa-9271-4c7ab11b09cf","such2bee","1","""2026-04-25T12:55:12.594Z"""
"01a77179-e5e4-4740-bb8c-4b792e8b0d58","cwissuk","1","""2026-04-24T14:12:42.910Z"""
"0493afca-3681-4aee-84af-ae6c239296c3","iantolerton","1","""2026-04-26T08:40:35.812Z"""
"056c5ae0-3789-4504-9fc5-756b384930b0","equisdu","1","""2026-04-23T15:59:35.225Z"""
"077ca6e1-f191-4af4-8380-53f3d11efed3","heych91","1","""2026-04-24T22:40:34.321Z"""
"08ca6399-a96f-4d04-ac2a-5cae3191e3a1","alexmd07","1","""2026-04-25T09:57:58.692Z"""
"0f5df9bc-0dec-446d-ab1e-0e4512fa08be","oktimeforplanz","1","""2026-04-25T14:08:04.617Z"""
"10670207-63da-47f0-8d56-84864e98d436","barney36000","1","""2026-04-24T15:26:04.875Z"""
"10f9c3a8-c624-487c-babd-da3bfb811b8c","thebigsweed","1","""2026-04-24T15:49:03.658Z"""
"125fc942-6b1f-4e10-94c2-87a1b8213353","johnt2026","1","""2026-04-23T21:17:28.209Z"""
"14394375-cd5e-4b82-8c67-a319134ce675","timofeeeeeeeee","1","""2026-04-24T15:32:35.260Z"""
"1fa28939-e3bf-4482-8e7a-638e04ce5cde","np","1","""2026-04-23T08:36:29.433Z"""
"2a4851e1-9d0c-492d-9025-a2242630ae48","marlboroeducation","1","""2026-04-24T22:55:39.383Z"""
"2cd68eb1-1be4-4ca4-b898-d31bd0581198","ndwev","1","""2026-04-22T18:00:30.742Z"""
"2dbf5766-859f-45f6-af0a-489b08edbc39","dpr22222","1","""2026-04-24T12:42:03.876Z"""
"2e8bfe15-c23a-4003-8e36-c9b66c2903f3","carstennielsen12","1","""2026-04-25T05:55:51.972Z"""
"3144f3f5-a8ab-4426-8553-075f94d2b4e9","riapepts","1","""2026-04-22T20:16:54.972Z"""
"32cba5dc-591f-4e5e-8b14-f285fc72b897","insidethelaw","1","""2026-04-25T20:02:21.503Z"""
"3aea4eaf-014d-4f90-ad2f-15ac4a29c309","shaolin_bro","1","""2026-04-24T11:10:32.238Z"""
"3e3cb2e7-f909-459e-b09c-502702e426fc","thechappers","1","""2026-04-24T14:15:00.216Z"""
"4091d61e-7c8c-4ba7-8196-13fdddbaee80","kaisser1986","1","""2026-04-24T22:45:40.196Z"""
"416dbde4-7538-44ae-82dc-50aa56c9950a","jeanbaptistepassant","1","""2026-04-24T13:15:17.186Z"""
"45c1474e-2024-4933-85b5-d3e8c736f396","dazzlaj","1","""2026-04-24T16:44:05.628Z"""
"498a6496-3be6-4daf-bf52-5d59f7629959","xxsoca","1","""2026-04-24T16:21:18.528Z"""
"4c47788e-a8d0-4319-85b0-49bf2485835d","b_johannessen","1","""2026-04-24T13:38:43.987Z"""
"5372dc87-71ac-4206-ba30-9639dda5e181","blunderboy6","1","""2026-04-24T22:53:22.635Z"""
"5e916dc1-07bc-4d03-a2e1-0103d02d29ca","peptidebizmo","1","""2026-04-25T09:21:56.724Z"""
"604b2d20-8932-4c39-9bdd-62b76783b32d","omercel","1","""2026-04-26T00:25:14.163Z"""
"63772d83-dac4-4545-b143-e54227267f1c","lewis571","1","""2026-04-24T14:13:20.825Z"""
"640d36c9-3821-49e6-8124-fb2df14626fe","jeanpagne1981","1","""2026-04-25T14:55:56.181Z"""
"74da0e8d-8846-4409-8c97-ce485ec1162c","kevin","1","""2026-04-24T15:54:06.125Z"""
"77b8991b-35ca-49ce-bf6d-1ead1ca35da9","usernamesandra2","1","""2026-04-26T07:01:53.212Z"""
"7b3fdc44-77c7-48b1-89cb-d02f0830cd9c","titi7454","1","""2026-04-24T16:13:27.226Z"""
"7c2cb148-7ad3-4dd9-b0d8-9e43a5a3c790","pepboy43","1","""2026-04-25T08:50:51.844Z"""
"7da8d0ed-7a7f-43b5-9e62-dfb0d3441bde","mcgadav","1","""2026-04-24T19:13:51.336Z"""
"83b4fcd1-0e5c-4165-9cf7-9dff681d6277","castlej93","1","""2026-04-25T09:20:25.348Z"""
"855c2a4c-243a-4d36-bef7-3b6bc42e0a7f","todomir","1","""2026-04-24T13:09:43.377Z"""
"87fbd2d2-7708-4103-9281-b8a86f075f2b","zippy1313","1","""2026-04-24T07:33:22.822Z"""
"88427059-cd5f-46ea-bf19-4be6a2cc80f5","chff_pep","1","""2026-04-24T13:44:56.923Z"""
"8bd035a6-1230-49e4-85ad-d6a024ad860e","superted1987","1","""2026-04-22T17:06:01.957Z"""
"8c4ede6a-3fd8-4d05-9eee-36e74acc8658","fonymanctana","1","""2026-04-24T18:10:50.409Z"""
"8d7174b3-c803-4249-9d76-d919aacb7577","raychar1es","1","""2026-04-24T14:23:00.715Z"""
"8dc8c6d7-dfe6-47e7-b114-bd7b67f8aa9e","mkp_uk","1","""2026-04-24T15:39:27.644Z"""
"9440f5be-dd16-4371-8813-9c8de7db19a1","aprilblackcat","1","""2026-04-24T15:39:04.219Z"""
"949c0748-fb4b-4e95-b98b-f47a0e382db7","maximo_de_cela","1","""2026-04-25T16:55:38.239Z"""
"95d4c5ac-dc7e-47b5-aa96-64fca7b862e5","prem_peps","1","""2026-04-24T13:47:30.826Z"""
"966c42c7-6372-4ac2-9c9e-eaba7f573936","jakeh1992","1","""2026-04-24T14:52:06.276Z"""
"9a9ff94f-4562-4061-83bb-2d5230e1e2a5","djmikeh","1","""2026-04-23T19:47:55.708Z"""
"9db9e4a0-651e-43d8-8471-82d8eaa58a4f","jah1991","1","""2026-04-24T19:57:44.889Z"""
"9dfe3383-49fc-48da-b932-de6d023881b7","msp_14_msp","1","""2026-04-24T13:22:34.663Z"""
"aa08f5b0-2fce-48bf-b2eb-dc14a459122f","leftyisright","1","""2026-04-22T22:21:41.188Z"""
"ab267aab-00fb-41fd-9309-e3e067702979","saulper","1","""2026-04-24T13:24:20.496Z"""
"ad8faa88-81cf-47e1-abf6-dde8a8ebb689","meltedcalipo","1","""2026-04-23T21:37:25.297Z"""
"aef62620-0c2b-4fd6-b297-a825b90c2295","rwvwsw","1","""2026-04-24T14:04:09.273Z"""
"b03fab67-a8d3-4290-b47b-e5d090c9233d","deepshredz","1","""2026-04-23T00:24:49.856Z"""
"b285618a-ea73-4ee1-9c86-c21e48f5fd98","ikaramanis","1","""2026-04-24T14:50:50.201Z"""
"b2960927-82c0-4166-ad59-2dfd79bb2dd4","wanderallofthefall","1","""2026-04-25T22:19:43.202Z"""
"b3d35e72-d40a-464a-bb25-9f164f7ac0f5","tobenek","1","""2026-04-23T07:46:46.129Z"""
"b7fb1b4f-2faa-4f57-8671-8237d85b5e1c","nazsla","1","""2026-04-26T05:54:11.705Z"""
"b91c495e-39db-406c-9911-9d11d11e8dcb","sicoted","1","""2026-04-24T13:46:29.202Z"""
"baecc6d9-2997-4131-b4ff-b39690947ee9","marwhy15","1","""2026-04-22T09:19:08.829Z"""
"bdf23879-c48e-4ca6-9918-3ce2d44f71e5","tbby123","1","""2026-04-25T09:56:37.860Z"""
"be27a57a-f36e-4c17-a68c-a9c6d4257f2a","curlyc2002","1","""2026-04-24T13:16:24.705Z"""
"c0f3ef11-2cdb-4024-b3ae-f8874b693ed7","artaniszealot","1","""2026-04-25T17:34:13.951Z"""
"c2f322e9-03bf-45ad-aea9-60c941a22b9b","mago_conti","1","""2026-04-25T13:21:20.041Z"""
"c33256c3-a7bb-4db7-808f-e40f52720532","sohei","1","""2026-04-23T09:35:06.222Z"""
"c8cbc92e-3459-489d-aa2f-b7216348863f","ajer6130","1","""2026-04-25T22:50:06.946Z"""
"d157536a-5ba6-43c2-921a-4a00eaec1272","sleepingpep","1","""2026-04-24T16:15:48.617Z"""
"d6d3d860-242a-4da1-856c-872fcddab8bf","pepfreak","1","""2026-04-25T04:20:13.529Z"""
"d97baece-6155-49ef-8915-982b28010053","theofficiald","1","""2026-04-24T15:00:56.048Z"""
"da731293-56cf-4ed0-a891-52c4ada11b00","monchitomadrid","1","""2026-04-25T08:06:10.953Z"""
"ddf11152-2d3c-4d59-b050-6b44394fc217","ianblaz","1","""2026-04-24T13:19:00.734Z"""
"e44b75eb-4283-4ee5-ac91-72878a35d225","saltybayb","1","""2026-04-25T07:17:40.714Z"""
"e6693c70-ac36-4f33-9cca-291b78b95913","ellie2603","1","""2026-04-26T01:53:51.931Z"""
"e9beaa31-30bd-4213-9cc8-e91b1676eaa3","hannibal2424","1","""2026-04-22T21:33:01.868Z"""
"eb230238-4428-492c-98d1-1b516c17562a","vasendak","1","""2026-04-24T13:44:27.871Z"""
"f069cf54-5518-4597-b148-b0e3626205fd","retarequired","1","""2026-04-24T14:44:14.746Z"""
"f47b3785-4137-40c6-b557-62a86c2cb71a","benji1205","1","""2026-04-23T08:17:37.410Z"""
"f4c41720-84cf-4edb-b57d-31a60c943d0f","apeps01","1","""2026-04-25T10:11:53.837Z"""
"f682ee0c-dbd2-474b-be2e-b00cbd3d0b41","salsalbob","1","""2026-04-24T13:20:53.810Z"""
"fa14a04e-0b73-4b40-96f7-5a2816f3b346","swolverine76","1","""2026-04-24T16:40:18.202Z"""
"fcd64cfd-f2f1-4420-a403-f545205afb83","misosososo","1","""2026-04-24T12:48:41.078Z"""
"fec2b933-1d95-40e4-9309-cb3bc403745c","fizzybubblech1","1","""2026-04-22T16:04:27.114Z"""