"id","name","country","website","notes","active","created_at"
"0190ff32-165f-4c0b-9f9b-5fb2f5609bd7","Lobster",,,,"true","""2026-03-22T21:54:50.459Z"""
"1b2ab984-c51d-4471-9d28-ae62fcc9950c","FSD",,,,"true","""2026-03-22T21:56:00.042Z"""
"2bcd28a8-43c4-465b-859a-4effa1a5b058","HK Peptides",,,,"true","""2026-03-22T21:55:09.210Z"""
"384a37ca-0c8c-4424-867c-86c356ad6fd8","PGB",,,,"true","""2026-03-22T21:56:18.754Z"""
"46f64dd2-8e13-48f0-ba60-fab5e3f771a7","WWB",,,,"true","""2026-03-22T21:54:45.255Z"""
"4d937cb4-8b65-489f-a043-be1316680a2e","BHD",,,,"true","""2026-03-22T21:55:20.303Z"""
"5231c0f0-fe01-41a0-a27f-8c6103397c60","GYC",,,,"true","""2026-03-22T21:55:28.169Z"""
"5ae5ec5e-b0ce-4076-81fd-46594bfb8e76","SPB",,,,"true","""2026-03-22T21:55:55.493Z"""
"5e0a9105-ed47-4402-af4e-f89e67a55adc","Changtu",,,,"true","""2026-03-22T21:55:46.974Z"""
"9c4e106d-d1b1-4b62-881c-b813b135ffb7","Biochems API",,,,"true","""2026-03-22T21:54:11.168Z"""
"bf8fe110-52ff-4f7e-b2f2-3a5dfef89280","ZLZ",,,,"true","""2026-03-22T21:56:05.505Z"""
"cc41943d-8d5d-4635-bcbc-1e8fa0a95e55","QST",,,,"true","""2026-03-22T21:56:10.495Z"""
"ccef15e0-ab4d-47c4-ac1b-1a11da1db04f","UWA",,,,"true","""2026-03-22T21:54:03.086Z"""
"d1e368ae-c8d8-473d-be68-f8d1bfb2966d","Uther",,,,"true","""2026-03-22T21:53:48.346Z"""
"da7a593d-e89f-4c5a-9501-994f40281d4c","XTP",,,,"true","""2026-03-22T21:55:37.503Z"""
"e0d16441-3ce8-4c9c-957e-94e0dd727abc","LN Peptides",,,,"true","""2026-03-22T21:54:17.494Z"""
"e3229694-ee50-4a01-85bf-0efe4cc8db37","TFC",,,,"true","""2026-03-22T21:56:23.677Z"""
"f79acc6a-702f-4533-9467-5d3dfece72cd","XTP",,,,"true","""2026-03-22T21:56:39.430Z"""
"fd922d3b-5911-4721-b558-7c28342636ea","Jeep",,,,"true","""2026-03-22T21:53:59.517Z"""